Property;F1;Popularity
P196;0.02;116
P1142;0.07466666666666667;7251
P277;0.3224742268041237;44122
P1441;0.1046979865771812;6488
P170;0.21488372093023256;7246
P115;0.3732142857142858;4370
P541;0;2101
P103;0.18;9985
P105;0.04;164
P4743;0.02;271
P1433;0.02;3225
P30;0.12;3216
P97;0.02;3319
P4552;0.08;180
P400;0.105;3518
P407;0.3;4162
P127;0.04;3459
P8875;0.05142857142857143;244
P4884;0.06;493
P371;0.22773722627737222;4450